"","ACSE","","","x","https://www.facebook.com/AlgerianCenterForSocialEntrepreneurship","","","","107 Boulevard Des Martyrs, Sidi M&#039;Hamed, Algérie","","","","<b>The Algerian Center for Social Entrepreneurship (ACSE)</b> a été créé en 2013 et a comme mission que chaque problème social et environnemental en Algérie trouve une solution innovante et entrepreneuriale. Pour ce faire, ACSE développe deux volets : <b>un volet promotion</b>, visant à sensibiliser, valoriser et fédérer autour de l'entrepreneuriat social en Algérie, et <b>un volet accompagnement</b> se concrétisant par une incubation de huit mois. Plus qu'un incubateur d'entreprises sociales, ACSE UP, est également<b> le plus grand coworking space d'Algérie. </b>","j.ferreira@acsedz.com"
"","Activspaces","","http://activspaces.com/","","https://www.facebook.com/ActivSpaces","","","","Boulevard de la Liberté, Douala, Cameroun","","","","African Center for Technology, Innovation and Ventures Spaces (ActivSpaces) was created to help increase the odds of success for these young innovators by creating favorable environments that will serve as catalysts permitting their technology innovations to thrive.  We bring together tech communities and create spaces where techies and tech entrepreneurs come to learn, work and bring ideas alive.  We provide direct support to techies and help them develop skills they need to become world-class tech entrepreneurs.  ActivSpaces is registered as a Nonprofit Association in Cameroon operating as an Innovation Hub and Tech Business Incubator with two tech spaces in Buea (a.k.a Silicon Mountain) and Douala.  The journey we started in 2010 is far from complete. We attribute our credits and achievements to our Board, Team, Funders and remarkable Community Members.","info@activspaces.com"
"","AFP PME","","http://www.afppme.bf/","","https://web.facebook.com/AfpPme/","","","","","","","","","direction@afppme.bf"
"","AKEWA ACCELERATEUR","","http://www.akewa.org","","https://www.facebook.com/akewacroissance/","","","","Cité Scherko/Angondje commune D&#039;Akanda ,  Libreville","","","","AKEWA est le premier accélérateur et l'un des acteurs de référence de l'écosystème de l'innovation sociale au Gabon. Engagés dans la promotion de l'entrepreneuriat social, nous sommes spécialisés dans cinq (05) domaines clé : les Industrielles culturelles, l’Environnement, les Technologies de l'information et de la communication (TIC), les Énergies renouvelables et l’Agrobusiness.  Encourageant le management collaboratif, nous accompagnons tous types de projets et quel que soit le stade : idée de création, développement, et croissance.  Nous vous proposons une première étape de consultation 100 % gratuite : accueil, audit du projet, conseils personnalisés, et aide au montage de dossiers de projet.   Après analyse de votre projet et de ses besoins, nous facilitons le parcours des porteurs de projets et des start-ups qui souhaitent se développer.","agence.akewa@gmail.com"
"","Baby Lab","","https://baby-lab.org/","","http://Guiako OBIN","","","","Abobo Habitat, Q 180, Abidjan, Côte d&#039;Ivoire","","","","- Agir pour la promotion des sciences et techniques, de la création artistique et des actions culturelles.","contact@baby-lab.org"
"","Bamako Incubateur","","http://bamako-incubateur.com","","https://www.facebook.com/BIncubateur/","","","","Missira, Mali","","","","Les activités de Bamako Incubateur s’articulent autour de six (06) axes :  1.	Faciliter la promotion du numérique auprès des enfants, femmes et jeunes en milieu urbain, rural, de la diaspora et migrants ;  2.	Faciliter l’intégration du numérique dans les secteurs du développement ;  3.	Identifier, faciliter la création de solution numérique dans les différents secteurs du développement ;  4.	Identifier et accompagner les innovations numériques dans les différents secteurs du développement ;  5.	Faciliter l’employabilité des jeunes notamment de la diaspora et migrants dans le domaine du numérique ;  6.	Faciliter l’accès des start up numériques aux financements.     ","bamako.incubateur@gmail.com"
"","BeoogoLAB","","http://www.beoogolab.org","","","","","","Somgandé, Secteur 19, Rue Dima Koon ,  Ouagadougou","","","","","info@beoogolab.org"
"","Bidaya","","http://www.bidaya.io","","https://www.facebook.com/Bidaya.io/","","","","33 bis rue le titien Val fleuri ,  Casablanca","","","","Bidaya est l'incubateur Social Green Tech du Maroc, appartenant au réseau international d'incubateurs GROUPE SOS Pulse. Implanté à Casablanca depuis 2015, Bidaya a accompagné plus de 40 startups à fort impact social ou environnemental.         Convaincu de la nécessité de construire des modèles économiques innovants pour répondre aux <b>défis sociaux et environnementaux</b>, Bidaya oeuvre pour l'entrepreneuriat<b> à fort impact</b> à travers 4 pôles d'activités : <ul><li>   Bidaya Incub, le programme d'accompagnement général d'entreprises en amorçage     Bidaya Funds, le programme d'accompagnement vers le financement d'entreprises ayant validé leur preuve de concept </li><li>    Bidaya Space, le programme de promotion de l'entrepreneuriat à impact social ou environnemental</li><li>Bidaya Lab, le programme de partage et de valorisation de l'expertise Bidaya&nbsp;</li></ul>","contact@bidaya.io"
"","Bond&#039;innov","","http://www.bondinnov.com/","","https://www.facebook.com/incubateurbondinnov/","","","","32 Avenue Henri Varagnat, Bondy, France","","","","   Notre expérience dans l'accompagnement de projets innovants nous permet de sélectionner et de suivre avec soin des projets de qualité grâce à une équipe d'accompagnement dédiée, des locaux à disposition des entrepreneurs, un réseau actif en France et en Afrique, des formations collectives, un pôle d'experts, et de nombreux autres services !","contact@bondinnov.com"
"","THE PLUG","","http://www.theplugbybo.com","","https://www.facebook.com/the.plug.by.bo","","","","Résidence les Terrasses D&#039;Oran, Bir El Djir, Oran","","","","The Plug est un programme d’incubation proposé par BOPlug à toute entrepreneur ayant un projet en lien avec le développement de l'expérience client. Plus innovant, plus digitale et plus respectueux des nouvelles attentes environnementales.","contact@thepugbybo.com"
"","BujaHub","","http://www.bujahub.com","","https://www.facebook.com/bujahub/","","","","Boulevard De La Liberte, Bujumbura, Burundi","","","","","info@bujahub.com"
"","CENTRE D&#039;AFFAIRES REGIONAL ANOSY","","http://www.cara.mg","","","","","","Kathyana Car Rental - Bazaribe Fort Dauphin, Fort-Dauphin, Madagascar","","","","",""
"","centre d&#039;innovation de lubumbashi","","http://cinolu.org","","http://www.facebook.com/cinolu","","","","Lubumbashi, République démocratique du Congo","","","","Le centre d'innovation de Lubumbashi&nbsp; permet aux innovateurs et aux entrepreneurs&nbsp;d'acceder a une gamme variées&nbsp;de services d'accompagnement en un seul lieu confortable et accessible aux bourses locales.&nbsp;","reception@cinolu.org"
"","CEPEM Couveuse d&#039;Entreprise pour la Promotion de l&#039;Emploi par la Micro-entreprise","","https://www.cepem.sn","","https://web.facebook.com/cepemsn","","","","3 Rue Amadou Assane Ndoye X béranger Ferraud ,  Dakar","","","","","contact@cepem.sn"
"","Cied","","","x","https://web.facebook.com/AccompagnementCIED/","","","","Abidjan, Côte-d&#039;Ivoire, Abidjan, Côte d&#039;Ivoire","","","","",""
"","CIPMEN","","http://www.cipmen.org","","https://www.facebook.com/incubateurCIPMEN/","","","","Niamey, Niger","","","","    Le CIPMEN travaille aussi à faciliter l’internationalisation des entreprises nigériennes. En effet, le centre incubateur nigérien a initié le consortium SahelInnov dans l’objectif d’améliorer la coopération entre les incubateurs de la sous-région et permettre la structuration du marché sahélien.           Lancé en avril 2014, le Centre incubateur des PME du Niger est une association à but non lucratif soutenue par l’Etat nigérien et reçoit des financements privés.","contact@cipmen.org"
"","Comores Coworking","","http://www.comorescoworking.com","","http://Com&#039;Work","","","","Boulevard Karthala, Moroni, Comores","","","","","contact@comorescoworking.com"
"","Congo Business Network","","http://www.congobusinessnetwork.org","","","","","","Concession Procoki, avenue de L&#039;OUA, Kinshasa, Democratic Republic of the Congo","","","","",""
"","CONNECT&#039;INNOV","","https://connect-innov.com/","","","","","","","","","","","contact@connect-innov.com"
"","Couveuse PAPRICAI / Association Heinrich Klose","","http://couveuse-papricai.org/","","https://www.facebook.com/papricai/","","","","Lomé, quartier Avédji, Carrefour Margot, Lomé, Togo","","","","En 2014, l’Association Heinrich Klose lance la couveuse PAPRICAI, Plateforme pour l’Aide aux Projets et Initiatives de Création d’Activités Innovantes, pour répondre aux besoins de structuration des filières industrielles du secteur culturel et créatif.Dans la perspective de développer un environnement de travail propice aux professionnels du secteur culturel et créatif, l’Association Heinrich Klose a développé un dispositif d’accompagnement global favorisant synergies, mise en réseau et échanges interdisciplinaires. Ainsi est né le dispositif EDOU, outil de développement de connaissances et de compétences sur l’entreprenariat culturel et créatif. EDOU est lancé en septembre 2016 et se décline en six (06) volets : espaces de résidences et de créations, équipements bureautiques mutualisés, espace coworking, hébergements physiques modulables et juridique, salle de formations séminaires, micro-crédit (fonds de développement de l’entrepreneuriat créatif).","contact@couveuse-papricai.org"
"","CREATEAM","","https://www.createam.ml/","","https://web.facebook.com/Lincubateur-Createam-927943447313058/?_rdc=1&amp;_rdr","","","","","","","","","contact@createam.ml"
"","CTIC Dakar","","http://www.cticdakar.com","","https://www.facebook.com/cticdakar/","","","","3 Rue Berenger Feraud, Dakar, Sénégal","","","","Ce programme est destiné à des jeunes qui n’ont pas encore d’entreprise afin de leur donner tous les outils qui leur permettront d’avoir des bases pour porter et gérer leurs projets. Ils reçoivent des formations hebdomadaires sur différents aspects : fiscalité, marketing, communication, un plan/modèle d’affaires, structuration et présentation de projet, réseautage, levée de fonds. Le programme accueille deux cohortes de 20 porteurs de projet par an. ","contact@cticdakar.com"
"","CUBE","","http://www.cubenter.com","x","https://www.facebook.com/SAEICUBE/","","","","BP 4556, togo","","","","L'accent est mis sur les projets dans les biotechnologies (Agriculture et transformation agroalimentaire, solutions innovantes en biotechnologies médicales, environnementales et industrielles). Toutefois nous sommes prêts à accompagner d'autres projets si le volet innovation est prouvé (Inclusion financière, énergie, services de base) et qui répondent à un problème identifié dans la communauté.","equipecube@gmail.com"
"","Oser Innover","","http://daretoinnovate.com/","","https://fr-fr.facebook.com/DaretoInnovate/","","","","","","","","",""
"","Diaspohub","","","x","https://www.facebook.com/DiaspoHub/","","","","Niarela, Bamako, Mali","","","","- L’orientation des porteurs projets dans leur démarche de création d’entreprise","secretariat@diaspohub.com"
"","Dira Partners","","http://www.dirapartners.com","","","","","","80 Résidences Hacienda, dakar , Sénégal","","","","","contact@dirapartners.com"
"","DLCOWORKING (DLC)","","http://www.dlcoworking.com","","https://www.facebook.com/DLCoworking-201097337076733/","","","","Av Kawar, Derrière maternité Yantala ,  Niamey","","","","","contact@dlcoworking.com"
"","DoniLab","","https://www.donilab.net/fr/accueil/","x","https://www.facebook.com/donilab.officiel/","","","","SOTUBA, Bamako, Mali","","","","En effet, Donilab offre aux entrepreneurs la possibilité de travailler dans un espace confortable tout en bénéficiant de diverses expertises, avec un accès internet 24h/7jours.","info@donilab.net"
"","ECOLIA Labs","","http://ecolialabs.org","","https://www.facebook.com/EcoliaLabs/","","","","Ecolia Labs, Unnamed Rd, Yaoundé, Cameroun","","","","À travers cet incubateur, nous aidons les Jeunes et les Femmes à s’approprier le potentiel innovant des technologies modernes afin de stimuler leur créativité, et utiliser le numérique pour proposer des solutions innovantes et frugales aux problèmes de notre société.","contact@ecolialabs.org"
"","Emergence Capital / Diaspo&#039;Lab","","http://www.emergence.africa","","","","","","167 avenue Lamine Guèye x Place Soweto Immeuble Rivonia Tower 11ème étage, Dakar-Sénégal","","","","<b></b><b></b>","ncamara@emergence.africa"
"","Energy Generation","","https://www.energy-generation.org/","","https://www.facebook.com/EnergyGeneration","","","","Hédzranawoé, 2e Arrondissement, Lomé (Awoudja) Lomé, Togo,  Lomé","","","","Energy Generation est une organisation panafricaine qui encourage les jeunes Africains à relever les défis les plus pressants de leur génération (énergie, agriculture, santé, etc.) à travers l'entrepreneuriat et la technologie.     <br>Energy Generation vise à soutenir et à promouvoir les innovations technologiques et entrepreneuriales afin d'identifier, de développer et de diffuser largement les solutions pratiques « made in Africa ».     <br><br>Mais avant tout, Energy Generation est une plate-forme centrée sur l'humain qui offre aux individus des possibilités de libérer et d’exprimer toute leur créativité.<br>","contact@energy-generation.org"
"","Etrilabs Cotonou","","https://etrilabs.com/","","https://www.facebook.com/etrilabscotonou/","","","","Cotonou, Bénin","","","","Créé en 2009, EtriLabs est un écosystème d’innovation et une communauté pour les personnes qui souhaitent co-créer et collaborer sur des projets visant à résoudre des problèmes critiques au niveau national et international. Notre mission est de promouvoir une culture de l'entrepreneuriat ancrée dans l'innovation, la créativité et le partage. A EtriLabs nous offrons plusieurs services: le co-working, l’accompagnement aux entrepreneurs (incubation et l’accélération de startups), la formation, le conseil en marketing/communication, l’organisation d’événements, des solutions sur mesure aux entreprises. Notre communauté comprend des entrepreneurs, des concepteurs, des développeurs, des spécialistes du marketing, et nous avons actuellement 4 sites: 2 à Cotonou (Bénin), 1 à Parakou et 1 à Dakar (Sénégal).",""
"","Expert&#039;Labs Mali","","http://www.expertlabsmali.com","x","https://www.facebook.com/ExpertLabsBamako/?ref=bookmarks","","","","Bamako, Mali","","","","Offrir des opportunités de développement économique aux jeunes maliens à travers le secteur privé  La création d’un bon environnement de développement des entreprises jeunes au Mali  La facilitation de l’interconnexion des entrepreneurs au Mali et dans le monde   ","expertlabsmali@gmail.com"
"","FACTORY 619","","https://factory619.com","","https://www.facebook.com/factory619","","","","","","","","","hedi@factory319.com"
"","Ghiyada Africa","","http://www.ghiyadaafrica.org","","https://www.facebook.com/ghiyadaafrica/","","","","adidogome la pampa ,  lomé","","","","","ghiyadaafrica@gmail.com"
"","Groupe ISM","","https://www.ismincub.com/","","https://fr-fr.facebook.com/GroupeISM/","","","","","","","","","incubateurs@ism.edu.sn"
"","Guerra Tech Hub","","https://guerrahub.com","","https://www.facebook.com/GuerraHub","","","","Banikanni, rue de la pharmacie du Campus ,  Parakou","","","","Avec Guerra, nous souhaitons développer une communauté, un pôle social, durable, multiculturel et intergénérationnel autour des enjeux du numérique. A cet effet, nous avons mis en place 3 grands programmes de développement et offrons de multiples services pour soutenir notre communauté technologique.","contact@guerrahub.com"
"","Hadina Rimtic","","http://www.hadinarimtic.com","x","https://www.facebook.com/hadinarimtic/about/?ref=page_internal","","","","Nouakchott, Nouakchott, Mauritanie","","","","","contact@hadinarimtic.com"
"","I&amp;F Entrepreneuriat","","http://ifentrepreneuriat.org/","x","","","","","23, Avenue Kolo, Quartier Noki, Mbanza-Ngungu, Bas-Congo, RD Congo","","","","I&Fentrepreneuriat est riche d’une expérience de 10 ans (2007 – 2017) dans l’accompagnement par incubation d’entreprise. Il est le premier incubateur d’entreprises en République Démocratique du Congo.   I&Fentrepreneuriat est riche d’au-moins 148 entreprises dont 30 créées par des jeunes de moins de 25 ans exerçant pour 80% dans l’agroalimentaire, 5% dans la haute technologie, 5% dans la production des matériaux de construction et 10% dans les technologies de l’information et la communication.   Ces entreprises sont riches de 86 produits innovants. I&Fentrepreneuriat compte 25 coaches très jeunes.   I&Fentrepreneuriat a développé une pédagogie d’accompagnement basée sur le modèle TCC-GRP pour aider ses porteurs de projets à créer leurs entreprises.    ","contact@ifentrepreneuriat.org"
"","IMMEDIATE CONSULTING &amp; Cie sarl
<b>QUI SOMMES NOUS?</b><p style="text-align: justify; "><span style="font-size: 14px;">Immediate Consulting &amp; Cie est une société à responsabilité limitée, qui se veut être un bureau d'étude, un cabinet, dont l'objet est l'assistance, la formation et le conseil en gestion d'entreprises, avec en son sein un incubateur sous le modèle d'économie de communion (Economy Of Communion International Incubator).</span></p><p style="text-align: justify; "><span style="font-size: 14px;">Présentement à Lubumbashi, dans la province du Haut Katanga au Sud Est de la R.D.CONGO, avec des projets d'extension dans d'autres villes du pays&nbsp; (Likasi, Kolwezi, Kinshasa, Goma, Beni, Bukavu, Mbandaka, Gbadolité, ... ), l'incubateur est généraliste avec des collaborations ouvertes pour des secteurs spécialisés.&nbsp;</span></p><p style="text-align: justify; "><span style="font-size: 14px;">Situé au quartier Bel'air, nous profitons du calme et de la proximité qu'offre ce quartier résidentiel qui constitue pour nous un champs empirique pour différents projets d'entreprises.</span></p><p style="text-align: justify; "><span style="font-size: 14px;">En 2019, avec les différentes évolutions, et notre partenariat avec Afric'innov, il y a eu certains changements au sein de l'incubateur, dont entre autre le nom de l'incubateur (EoCiin-Hub RDC ou réseau international des incubateurs d'économie de communion Hub de la RDCongo) qui se distingue des activités du cabinet ICcie sarl, qui par ailleur y intervient comme partenaire expert accompagnement et comme bailleur de fonds pour les besoins de fonctionnement.&nbsp;</span></p><p style="text-align: justify; "><span style="font-size: 14px;"><br></span></p>","","http://www.immediate-consulting.org","","https://www.facebook.com/immediateconsulting/","","","","89, avenue KANKONTWE, BEL&#039;AIR, KAMPEMBA ,","","","","","info@immediate-consulting.com"
"","Impact Hub Bamako","","http://www.the-hub.company","","https://www.facebook.com/ImpactHubBamako","","","","Hamdallaye ACI 2000, Bamako, Mali","","","","","bamako.info@impact.net"
"","Incubateur Ose Ton Emploi","","http://www.osetonemploi.com","","http://@OseTonEmploi","","","","Conakry, Guinée","","","","       Notre objectif est de contribuer à inverser la tendance pour que des jeunes traditionnellement chercheurs d’emploi deviennent des entrepreneurs innovants, des créateurs d’emplois via la création d’entreprises pérennes et à forte valeur ajoutée.","contact@osetonemploi.com"
"","INCUBATEUR RSE BENIN","","https://www.linkedin.com/company/groupe-de-travail-rse-b%C3%A9nin/","","","","","","lot P1430 vèdoko ,  Cotonou","","","","",""
"","Incubateur UGB","","http://incubation.ugb.sn","","https://web.facebook.com/incubateurugb/","","","","Sanar, Saint-Louis, Saint-Louis, Sénégal","","","","","incubateur@ugb.edu.sn"
"","Incub&#039;ivoir","","http://incubivoir.net/","","https://www.facebook.com/incubivoir1/","","","","zone 3 rue des carrossiers Boîte Postale 10 Bp 1041 Abidjan 10","","","","","incubinfo@caamonde.org"
"","Incubme","","https://incubme.com/","","","","","","333 bouchaoui 03 Cheraga ,  Alger","","","","",""
"","INCUBONS","","","x","https://fr-fr.facebook.com/incubons/","","","","VP 27 A bis Ambohimiandra ,  Antananarivo","","",""," •	Un cabinet d’expertise à destination de toutes les organisations promouvant l’entrepreneuriat des jeunes et des femmes à Madagascar, dans l’Océan Indien et en Afrique.&nbsp;","incubons.etc@gmail.com"
"","Innov&#039;up","","http://innovup.fefa.tg/","x","https://www.facebook.com/centreInnovupTogo/","","","","innovup, Avenue Du 24 Janvier, Lomé, Togo","","","","Pour en savoir plus visitez notre site <a href="http://innovup.fefa.tg">http://innovup.fefa.tg</a> ","innovup@fefa-togo.org"
"","ISTIC Entreprises Startup","","http://www.istic.rnu.tn","","http://ISTIC Entreprises Startup","","","","Technopole Ecopark Borj-cédria, Borj Cédria, Tunisie","","","","ISTIC Entreprises Startup se propose comme une passerelle entre le monde universitaire et le monde socio-économique.  ",""
"","JABA SPACE","","https://jabaspace.co/","","https://www.facebook.com/jabaspacecoworking/","","","","","","","","","hello@jabaspace.co"
"","JA Gabon Mouila","","","x","","","","","Mouila, Gabon","","","","",""
"","Jokkolabs Bamako","","http://www.jokkolabs.net/Bamako","","","","","","Torokorobougou ,  Bamako","","","","<b>Pionnier de l’innovation ouverte, de la transformation digitale et de l’entrepreneuriat social en Afrique, Jokkolabs œuvre à la structuration d’un écosystème où s’opèrent des dynamiques collaboratives porteuses de changement.</b>",""
"","Jokkolabs Dakar","","https://www.jokkolabs.net/senegal/dakar","","https://www.facebook.com/jokkolabsDakar/","","","","Sacré Cœur 3 villa 9653 dakar","","","","Initiative privée à but non lucratif, Jokkolabs ouvre en 2010 l’un des premiers espaces d’innovation du continent Africain parmi 700 pionniers, à l’échelle mondiale, pour entreprendre autrement. Jokkolabs est aujourd’hui un écosystème de l’innovation ouverte, actif en France ( Nanterre et Marseille) et dans 8 pays africains (Bénin, Burkina Faso, Cameroun, Côte d’Ivoire, Mali, Maroc, Gambie et Sénégal).Jokkolabs est un réseau d’espaces d’innovation, un environnement unique où plus de 400 entrepreneurs, créatifs et innovateurs développent leurs activités.Jokkolabs est une communauté d’entrepreneurs partageant des valeurs d’ouverture et de collaboration. Nous offrons un cadre de qualité où ils travaillent, se rencontrent, collaborent, apprennent et s’amusent au sein d’un large réseau virtuel de plus de 10 000 membres. Jokkolabs est un action tank « indépendant » qui recherche des approches innovantes liées à l’économie numérique pour répondre aux enjeux sociaux économique du 21ième siècle.","contact@jokkolabs.co"
"","KhulaTech","","http://www.khulatech.com","","http://www.facebook.com/khulatech","","","","Cotonou Bénin, Vedoko, von funai, immeuble MTN ,  Cotonou","","","","","contact@khulatech.com"
"","Kobo hub","","http://www.kobo-hub.com","","http://facebook.com/kobohubrdc","","","","Immeuble 130, avenue Kwango, Kinshasa (Ref: INA)","","","","Kobo Hub est une plateforme congolaise dédiée à l’accélération de startups et de jeunes entreprises en République Démocratique du Congo.  Kobo Hub participe à la formation et au mentorat de startups pour les aider à grandir.  Nous accompagnons les porteurs de projets en mettant à leur disposition un réseau d’experts pluridisciplinaires, un accès aux compétences, aux ressources et aux infrastructures indispensables au succès et à la croissance de leurs projets.","secretariat@kobo-hub.com"
"","Kufanya","","https://www.facebook.com/kufanyaincub/","","https://www.facebook.com/kufanyaincub/","","","","Rue Mongi Bali, Sfax, Tunisie","","","","<b>  Kufanya </b>est un partenaire d’implémentation de l’organisation international pour les migrations, de l’institut français, de l’ONG Tunisie terre d’asile. Nous sommes membre de reseau de promotion de l’entreprise sociale chabaka et partenaire de l’incubateur pour entreprise sociale en tunisie lab’ess.   ","africabusinessleaders@gmail.com"
"","Lab&#039;ess","","https://www.labess.tn","","https://www.facebook.com/LabessTunisie/","","","","7 Rue du Docteur Alphonse Laveran, Tunis, Tunisie","","","","","contact@labess.tn"
"","LaFactory","","http://www.lafactory.co/","","https://www.facebook.com/LaFactoryByScreenDy/?ref=br_rs","","","","Casablanca, Maroc","","","","","mehdi@lafactory.co // omaima@lafactory.co"
"","LA RENCONTRE DES ENTREPRENEURS-SAS","","http://www.entrepreneursenegal.com","","","","","","AGORA BUSINESS CENTER, VILLA N7 MERMOZ ,  DAKAR","","","","La  Rencontre Des Entrepreneurs (RDE) est le 1èr Accélérateur multisectoriel d'appui et d'accompagnement privé du Sénégal dont la  principale mission consiste à  repérer des PME à fort potentiel pour en faire des champions en leur  donnant accès au capital,  aux meilleures compétences  et   à  un  ensemble de réseau   ",""
"","Le Boukarou","","","x","https://www.facebook.com/LeboukarouOfficiel/","","","","Douala, Cameroun","","","","Au boukarou vous êtes chez vous, venez et ensemble nous allons surmonter les défis qui s'imposent à vous !","contact@leboukarou.digital.com"
"","Lisungi Fablab","","http://lisungifablab.org","","http://lisungi fablab","","","","44 Avenue De La Démocratie, Kinshasa, République démocratique du Congo","","","","Le projet Lisungi FabLab est un atelier de fabrication numérique ouvert à tous. Il a pour but de sensibiliser et développer les compétences numériques des jeunes défavorisés ou en rupture scolaire et des femmes en situation précaire en particulier, en travaillant avec des associations d’encadrement qui leur dispense des formations métiers dans le domaine de l’informatique, l’électronique et la télécommunication. Le projet met en place des actions qui les impliqueront dans la valorisation de leurs compétences, par le biais de l’initiation et la pratique dans différents ateliers. 2 types d’activités sont prévus, notamment les formations à la fabrication numérique et l’accompagnement.","info@lisungifablab.org"
"","Maison de la Petite Entreprise","","http://www.mpetchad.com","","","","","","Quartier Moursal, Boulevard SAO, Rue 5018, B.P.: 111 , N&#039;Djamena","","","","",""
"","Maison de l&#039;entrepreneur Congolais - MEC","","http://www.maisondelentrepreneur.org","x","https://www.facebook.com/maisondelentrepreneurcongolais","","","","8 Avenue de l&#039;Eglise , Quartier Gambela ,  Lubumbashi","","","","La maison de l'entrepreneur Congolais MEC en sigle est une structure d’accompagnement en entrepreneuriat  et innovation basée à Lubumbashi en RDC. Sa  mission est d'accompagner les jeunes entreprises sociales  innovantes en RDC en leur offrant un espace de vie, logistique à moindre coût, des espaces de travail collaboratifs, mise en réseau avec d'autres acteurs de l'écosystème entrepreneurial. Un programme d'incubation répondant aux normes internationales sera également mis en place","mec@maisondelentrepreneur.org"
"","makesense","","http://africa.makesense.org","","","","","","Rue Mermoz, Dakar, Dakar, Sénégal","","","","",""
"","MCISE","","http://Mcise.org","","","","","","Rabat, Maroc","","","","",""
"","MIAWODO","","http://www.entrepreneursdumonde.org","","https://www.facebook.com/miawodo/","","","","Carrefour de la rue 71 et de la rue 232 à Aflao Gakli ,  Lomé","","","","  Miawodo identifie les femmes et jeunes qui possèdent des idées ou des projets novateurs à fort potentiel de croissance et les accompagne à la création et au développement de leurs entreprises afin d’hisser ces entreprises au rang d’entreprises de croissance ou d’impacts à l’échelle nationale.  ","edm.togo@entrepreneursdumonde.org"
"","NextA","","http://www.nexta.mg","","https://www.facebook.com/nextA.mg/","","","","Immeuble Tana Shore - Enceinte Futura Andranomena Antananarivo","","","","<b>NextA</b> est bâtit sur 7 axes d'accompagnement:<ul><li>Mentoring/Coaching</li><li>Formations</li><li>Réseautage </li><li>Activités </li><li>Financement </li><li>Employabilité </li><li>Lieu </li></ul>","contact@nexta.mg"
"","O&#039;Botama","","http://www.obotama.com","","https://www.facebook.com/OBotama2018/","","","","Biyem-Assi, Yaoundé, Cameroun","","","","","contact@obotama.com"
"","OMEDEMA","","http://WWW.OMEDEMA.COM","","","","","","1 Rue de la Mare Adam, Chaville, France","","","","OMEDEMA est une société de conseil à impact dédiée aux entreprises souhaitant développer leurs activités en Afrique ou créer de l’innovation à travers les méthodes développées dans le contexte africain. Nous accompagnons les structures privées et publiques à développer leurs stratégies et nous leurs permettons aussi de créer de la richesse commune. OMEDEMA encourage les initiatives à impact social et sociétal. Notre ambition est d’apporter l’ensemble des outils de la création à la commercialisation pour permettre aux projets d’atteindre le maximum de leur impact. OMEDEMA est un acteur clé pour le développement de vos projets en Afrique de l’ouest francophone. Nous accélérons et sécurisons vos projets de développement, grâce à notre réseau local tissé autour de partenariats stratégiques ainsi que notre réseau de plus de 40 experts en Europe et en Afrique.","CONTACT@OMEDEMA.COM"
"","ORIBI Village","","http://www.oribivillage.com","","https://www.facebook.com/ORIBIVillage/","","","","19 Park Road, Gardens, Cape Town, Afrique du Sud","","","","ORIBI Village is a local initiative aiming at promoting Social Entrepreneurship throughout Cape Town.&nbsp;Through a collaborative co-working space and an Incubator dedicated to Social Projects, ORIBI Village is bridging the gaps caused by social and geographic inequalities while encouraging and popularizing the practice of Social Entrepreneurship as a way of business.<br>Last but not least, ORIBI Village organizes regular talks and events in order to showcase Cape Town's Social Entrepreneurs, network and inspire the community.","hello@oribivillage.com"
"","La Fabrique","","http://www.lafabrique-bf.com","","https://www.facebook.com/lafabriquebf/","","","","Ouagadougou, Burkina Faso","","","","","contact@lafabrique-bf.com"
"","Playlab","","https://www.play-international.org/le-playlab","","","","","","Villa Mamelles Aviation LOT numéro 3 TF ,  Dakar","","","","",""
"","Saboutech","","","x","https://www.facebook.com/saboutech/","","","","Bluezone De Dixinn, Conakry, Guinée","","","","","projetsaboutech@gmail.com"
"","Sira Labs","","https://www.sira-labs.com/","","","","","","Festival Des Glaces, Ouagadougou, Burkina Faso","","","","","contact@sira-labs.com"
"","SM LAB &amp; CO","","http://smlab.cool/","","https://web.facebook.com/SMLabCO","","","","","","","","","contact@smlab.cool"
"","Solidar&#039;IT","","https://solidarit-hub.org","","https://www.facebook.com/SolidarItHub/","","","","Solidar&#039;it, Boulevard Steinmetz, Cotonou, Bénin","","","","Solidar'it est un espace numérique ouvert, un espace de formation et de rencontres autour du numérique associé à un incubateur d’entreprises numériques naissantes.&nbsp; Notre ambition est d’offrir à la jeunesse en quête de savoir un espace de formation et à un groupe de concepteurs de produits numériques, les ressources nécessaires au démarrage d’un projet d’entreprise numérique.  SOLIDAR’IT est porté par le Club Associatif le Club Perspectives +, un Club de Réflexions, de Propositions et d’Actions intervenant dans plusieurs secteurs comme la Santé, l’Education, le Dev Durable, le Numérique et bien d’autres. Avec une entité au BÉNIN, en FRANCE et au CANADA, le Club Perspectives + concrétise depuis près de 10 ans maintenant plusieurs projets avec ses équipes et un reseau de partenaires et de bénévoles performant.",""
"","StartOpp Zone","","http://startoppzone.com","","http://https;//facebook.com/startoppzone","","","","22/121 Atron, N&#039;Djamena","","","","","startoppzone@rjdlt.com"
"","STARTUP FACTORY","","http://www.startupdjibouti.com","","https://www.facebook.com/StartUpDjibouti/","","","","Djibouti","","","","STARTUP FACTORY est un accélérateur des startups lancé de Djibouti . StartUp Factory a pour  vocation d’encourage et d’investir dans des  entrepreneurs brillants et passionnés avec  des idées nouvelles et ambitieuses .  Lancé en septembre 2018 , StartUp Factory  est un programme de startup en démarrage  ainsi qu’une mise en relation d'un&nbsp; fond d’amorçage destiné à  accélérer la croissance des startups&nbsp; Djiboutiennes et fournir un boost régulier à  l’industrie croissante de l économie Digital  à Djibouti .","contact@startupdjibouti.com"
"","Tamkeen Center","","http://www.tamkeen.ma","","","","","","Oujda, Maroc","","","","Tamkeen Center est une initiatve privée et apolitique, mais accueille toute contribution et appui technique et financiers pour favoriser le déploiement de son activité à plus grande échelle.&nbsp;",""
"","TECHNIPOLE SUP VALOR","","http://www.technipole-supvalor.com","","","","","","Yaoundé, Cameroun","","","","Notre crédo c'est : <b>discipline</b>, <b>travail</b> et <b>performance</b> et nous souhaitons participer activement à la construction de l'écosystème entrepreneurial africain.","gkamande@technipole-supvalor.com"
"","TECHNOPARK","","https://www.technopark.ma/s/login/?language=fr&amp;startURL=%2Fs%2F&amp;ec=302","x","https://web.facebook.com/pages/Technopark","","","","","","","","","contact@technopark.ma"
"","total-startup-center","","","x","http://facebook.com/TotalCongo","","","","Avenue raymond Poincaré, 3ème étage du bâtiment Solemare","","","","","princilia-doris.mizere@total.com"
"","Trustee sas","","http://www.trustees.fr","","https://www.facebook.com/TrusteeVC/","","","","Tombo ,  Kaloum, Conakry","","","","Trustee est une société qui accompagne et investit en position minoritaire dans les startups innovantes. Trustee intervient également à divers stades de développement dans des Startups et Pme  à fort potentiel de croissance. Nous offrons également un espace de travail partagé (Coworking) et d'autres prestations à la carte pour mieux repondre au besoin des porteurs de projet.  ","contact@trustees.fr"
"","UAC Startup Valley","","http://www.uacstartupvalley.com","","https://www.facebook.com/uacstartupvalley/","","","","Abomey Calavi, Bénin","","","","","uacstartupvalley@uacstartupvalley.com"
"","VERDE VENTURES LTD","","http://www.verdefrontier.mu/","","","","","","Ebène, Quatre Bornes, Maurice","","","","",""
"","VOISINAGE","","https://www.uvci.edu.ci/","","https://www.facebook.com/uvciv/","","","","","","","","","muhamad.adebayo@uvci.edu.ci&gt;"
"","WenakLabs","","http://www.wenaklabs.org","","https://www.facebook.com/wenaklabs","","","","Immeuble BSIC, 2eme étage ,  N’Djamena","","","","WenakLabs (de l’arabe local Wenak signifie « Où es-tu ? » et Labs, le diminutif du mot Laboratoires), est une structure d'accompagnement de l'entreprenariat au Tchad créé en 2014. Elle a été initié et mis en place grâce à l’engagement des jeunes dynamiques ayant comme leitmotive des valeurs comme le travail collaboratif, le partage, l’engagement citoyen à travers les TICs et l’entreprenariat.","contact@wenaklabs.org"
"","Africinnov","","","x","","","","","Dakar, Sénégal","","","","",""
"","JA Gabon","","https://www.jagabon.org/","","https://www.facebook.com/Juniorachievementgabon/","","","","JA Gabon, Libreville, Gabon","","","","","info@jagabon.org"
"","YESAAL AGRI HUB","","http://yeesalhub.org/","","https://fr-fr.facebook.com/yeesalagrihub/","","","","","","","","","yeesalagrihub@gmail.com"
"","Youth CDC","","http://www.youthcdc.com","x","https://www.facebook.com/YouthCDC/","","","","Avedji-Elavagnon, Lomé, Togo","","","","Youth CDC est un programme d'accompagnement à la levée de fonds et de développement d'entreprises qui a pour ambition de lutter contre le chômage des jeunes en Afrique par la promotion de l'entrepreneuriat. Le programme développe une approche innovante d'accompagnement autour d'un programme de formation certifiant dénommé <b>"Certificate in Development of Innovation Companies" -CDIC</b>.","youthcdcprogram@gmail.com"
"","Zair&#039;innov","","http://www.llab.cd","","https://www.facebook.com/ZairInnov/","","","","253, Avenue Kimvula, Kinshasa, République Démocratique du Congo","","","","Le tout est juridiquement porté par La <b>Fondation Lumumba Lab</b> qui est une entité à but non lucratif officiellement <b>enregistrée en République Démocratique du Congo</b>, a pour mission la lutte contre l’analphabétisme numérique et la fracture numérique. En plus des actions et autres événements organisés comme notre contribution pour permettre à l’écosystème tech de la RDC de grandir, La <b>Fondation Lumumba Lab</b> est au fil des années devenue une actrice non négligeable dans le milieu des structures d’accompagnement des acteurs du changement par les numérique en RDC.  ","start@llab.cd"
"","ZEN Lab","","http://www.zenlab.com.tn/","","http://www.facebook.com/ZENLAB.Tunisie/","","","","Immeuble Emeraude Center, Jardins du Lac 2 , Tunis, Tunisie","","","","","contact@zenlab.com.tn"
